id,check_id,peer_nickname,state,time
1,1,meplese,start,12:01:37
2,1,meplese,success,12:22:48
3,2,parianker,start,13:15:37
4,2,parianker,failure,13:41:12
5,3,quicials,start,14:02:04
6,3,quicials,failure,14:44:11
7,4,bullertion,start,15:15:12
8,4,bullertion,success,15:35:17
9,5,hysleria,start,16:31:18
10,5,hysleria,success,16:57:59
11,6,meplese,start,17:01:37
12,6,meplese,success,17:22:48
13,7,meplese,start,18:03:33
14,7,meplese,success,18:27:11
15,8,meplese,start,12:01:37
16,8,meplese,success,12:22:48
17,9,parianker,start,13:15:37
18,9,parianker,failure,13:41:12
19,10,hysleria,start,14:02:04
20,10,hysleria,failure,14:44:11
21,11,hysleria,start,15:15:12
22,11,hysleria,success,15:35:17
23,12,mortalan,start,16:31:18
24,12,mortalan,success,16:57:59
25,13,meplese,start,17:01:37
26,13,meplese,success,17:22:48
27,14,meplese,start,18:03:33
28,14,meplese,success,18:27:11
29,15,hysleria,start,11:31:18
30,15,hysleria,success,11:57:59
31,16,mortalan,start,12:01:37
32,16,mortalan,failure,12:22:48
33,17,quicials,start,13:03:33
34,17,quicials,success,13:27:11